{"arrest_made":26.6216216216,"citation_issued":28.7837837838,"warning_issued":19.7837837838}